2025-05-18 12:53:04,ERROR
2025-05-18 12:55:55,ERROR
2025-05-18 12:57:45,103898
2025-05-18 13:30:00,103915
2025-05-18 13:35:00,103920
2025-05-18 13:40:00,103984
2025-05-18 13:45:00,104125
2025-05-18 13:50:00,104208
2025-05-18 13:55:00,104237
2025-05-18 14:00:00,104277
2025-05-18 14:05:00,104393
2025-05-18 14:10:00,104489
2025-05-18 14:15:00,104556
2025-05-18 14:20:00,104560
2025-05-18 14:25:00,104652
2025-05-18 14:30:00,104760
2025-05-18 14:35:00,104775
2025-05-18 14:40:00,104948
2025-05-18 14:45:00,105012
2025-05-18 14:50:00,105125
2025-05-18 14:55:00,105230
2025-05-18 14:55:00,105261
2025-05-18 15:00:00,105303
2025-05-18 15:00:00,105301
